{
  "project_info": {
    "project_number": "775386064115",
    "project_id": "teste-de-chate",
    "storage_bucket": "teste-de-chate.appspot.com"
  },
  "client": [
    {
      "client_info": {
        "mobilesdk_app_id": "1:775386064115:android:c9ca9d0b0591a600d08386",
        "android_client_info": {
          "package_name": "com.example.nossosindico_app"
        }
      },
      "oauth_client": [
        {
          "client_id": "775386064115-kgj39ucmdiddr395s48ciffsdd415ltb.apps.googleusercontent.com",
          "client_type": 3
        }
      ],
      "api_key": [
        {
          "current_key": "AIzaSyBJW0fCVWJffHEzNtVomHOUQnCKUqnjqkE"
        }
      ],
      "services": {
        "appinvite_service": {
          "other_platform_oauth_client": [
            {
              "client_id": "775386064115-kgj39ucmdiddr395s48ciffsdd415ltb.apps.googleusercontent.com",
              "client_type": 3
            }
          ]
        }
      }
    },
    {
      "client_info": {
        "mobilesdk_app_id": "1:775386064115:android:6178994e8557d712d08386",
        "android_client_info": {
          "package_name": "com.nossosocio"
        }
      },
      "oauth_client": [
        {
          "client_id": "775386064115-kgj39ucmdiddr395s48ciffsdd415ltb.apps.googleusercontent.com",
          "client_type": 3
        }
      ],
      "api_key": [
        {
          "current_key": "AIzaSyBJW0fCVWJffHEzNtVomHOUQnCKUqnjqkE"
        }
      ],
      "services": {
        "appinvite_service": {
          "other_platform_oauth_client": [
            {
              "client_id": "775386064115-kgj39ucmdiddr395s48ciffsdd415ltb.apps.googleusercontent.com",
              "client_type": 3
            }
          ]
        }
      }
    }
  ],
  "configuration_version": "1"
}